title	author	collection	rightsMode
The Call of the Wild	Jack London	general-classics	global
White Fang	Jack London	general-classics	global
The Sea-Wolf	Jack London	general-classics	global
Martin Eden	Jack London	general-classics	global
Adventures of Huckleberry Finn	Mark Twain	general-classics	global
A Connecticut Yankee in King Arthur's Court	Mark Twain	general-classics	global
Treasure Island	Robert Louis Stevenson	general-classics	global
Kidnapped	Robert Louis Stevenson	general-classics	global
The Black Arrow	Robert Louis Stevenson	general-classics	global
Robinson Crusoe	Daniel Defoe	general-classics	global
Gulliver's Travels	Jonathan Swift	general-classics	global
The Time Machine	H. G. Wells	general-classics	global
The War of the Worlds	H. G. Wells	general-classics	global
The Invisible Man	H. G. Wells	general-classics	global
The Island of Doctor Moreau	H. G. Wells	general-classics	global
The First Men in the Moon	H. G. Wells	general-classics	global
The Lost World	Arthur Conan Doyle	general-classics	global
Tarzan of the Apes	Edgar Rice Burroughs	general-classics	global
The Jungle Book	Rudyard Kipling	general-classics	global
Kim	Rudyard Kipling	general-classics	global
Captains Courageous	Rudyard Kipling	general-classics	global
King Solomon's Mines	H. Rider Haggard	general-classics	global
She	H. Rider Haggard	general-classics	global
The Prisoner of Zenda	Anthony Hope	general-classics	global
The Scarlet Pimpernel	Baroness Orczy	general-classics	global
Black Beauty	Anna Sewell	general-classics	global
Anne of Green Gables	L. M. Montgomery	general-classics	global
The Secret Garden	Frances Hodgson Burnett	general-classics	global
A Little Princess	Frances Hodgson Burnett	general-classics	global
The Wind in the Willows	Kenneth Grahame	general-classics	global
The Railway Children	E. Nesbit	general-classics	global
The Velveteen Rabbit	Margery Williams	general-classics	global
Great Expectations	Charles Dickens	general-classics	global
David Copperfield	Charles Dickens	general-classics	global
Bleak House	Charles Dickens	general-classics	global
A Christmas Carol	Charles Dickens	general-classics	global
Hard Times	Charles Dickens	general-classics	global
Nicholas Nickleby	Charles Dickens	general-classics	global
Oliver Twist	Charles Dickens	general-classics	global
Vanity Fair	William Makepeace Thackeray	general-classics	global
Tess of the d'Urbervilles	Thomas Hardy	general-classics	global
Far from the Madding Crowd	Thomas Hardy	general-classics	global
Jude the Obscure	Thomas Hardy	general-classics	global
The Mill on the Floss	George Eliot	general-classics	global
Silas Marner	George Eliot	general-classics	global
Emma	Jane Austen	general-classics	global
Persuasion	Jane Austen	general-classics	global
Mansfield Park	Jane Austen	general-classics	global
Northanger Abbey	Jane Austen	general-classics	global
The Tenant of Wildfell Hall	Anne Brontë	general-classics	global
Agnes Grey	Anne Brontë	general-classics	global
The Scarlet Letter	Nathaniel Hawthorne	general-classics	global
The House of the Seven Gables	Nathaniel Hawthorne	general-classics	global
The Red Badge of Courage	Stephen Crane	general-classics	global
The Awakening	Kate Chopin	general-classics	global
The Age of Innocence	Edith Wharton	general-classics	global
The House of Mirth	Edith Wharton	general-classics	global
Ethan Frome	Edith Wharton	general-classics	global
Sister Carrie	Theodore Dreiser	general-classics	global
My Ántonia	Willa Cather	general-classics	global
O Pioneers!	Willa Cather	general-classics	global
Winesburg, Ohio	Sherwood Anderson	general-classics	global
Main Street	Sinclair Lewis	general-classics	global
Babbitt	Sinclair Lewis	general-classics	global
The Portrait of a Lady	Henry James	general-classics	global
Daisy Miller	Henry James	general-classics	global
Heart of Darkness	Joseph Conrad	general-classics	global
Lord Jim	Joseph Conrad	general-classics	global
Nostromo	Joseph Conrad	general-classics	global
The Secret Agent	Joseph Conrad	general-classics	global
Dubliners	James Joyce	general-classics	global
A Portrait of the Artist as a Young Man	James Joyce	general-classics	global
Mrs Dalloway	Virginia Woolf	general-classics	global
To the Lighthouse	Virginia Woolf	general-classics	global
Orlando	Virginia Woolf	general-classics	global
The Good Soldier	Ford Madox Ford	general-classics	global
Sons and Lovers	D. H. Lawrence	general-classics	global
Women in Love	D. H. Lawrence	general-classics	global
The Rainbow	D. H. Lawrence	general-classics	global
The Importance of Being Earnest	Oscar Wilde	general-classics	global
Pygmalion	George Bernard Shaw	general-classics	global
Arms and the Man	George Bernard Shaw	general-classics	global
Last and First Men	Olaf Stapledon	general-classics	global
The Willows	Algernon Blackwood	general-classics	global
The Wendigo	Algernon Blackwood	general-classics	global
The Great God Pan	Arthur Machen	general-classics	global
This Side of Paradise	F. Scott Fitzgerald	general-classics	global
The Beautiful and Damned	F. Scott Fitzgerald	general-classics	global
The Iliad	Homer	general-classics	global
The Divine Comedy	Dante Alighieri	general-classics	global
Les Misérables	Victor Hugo	general-classics	global
The Hunchback of Notre-Dame	Victor Hugo	general-classics	global
The Three Musketeers	Alexandre Dumas	general-classics	global
Madame Bovary	Gustave Flaubert	general-classics	global
Germinal	Émile Zola	general-classics	global
Candide	Voltaire	general-classics	global
Notes from Underground	Fyodor Dostoevsky	general-classics	global
The Idiot	Fyodor Dostoevsky	general-classics	global
Demons	Fyodor Dostoevsky	general-classics	global
The Death of Ivan Ilyich	Leo Tolstoy	general-classics	global
Resurrection	Leo Tolstoy	general-classics	global
Fathers and Sons	Ivan Turgenev	general-classics	global
Dead Souls	Nikolai Gogol	general-classics	global
Swann's Way	Marcel Proust	general-classics	global
A Doll's House	Henrik Ibsen	general-classics	global
Hedda Gabler	Henrik Ibsen	general-classics	global
An Enemy of the People	Henrik Ibsen	general-classics	global
Uncle Vanya	Anton Chekhov	general-classics	global
The Cherry Orchard	Anton Chekhov	general-classics	global
Cyrano de Bergerac	Edmond Rostand	general-classics	global
Beowulf	Anonymous	general-classics	global
The Book of the Thousand Nights and a Night	Anonymous	general-classics	global
Aesop's Fables	Aesop	general-classics	global
Pinocchio	Carlo Collodi	general-classics	global
Heidi	Johanna Spyri	general-classics	global
Tao Te Ching	Laozi	general-classics	global
The Analects of Confucius	Confucius	general-classics	global
The Song Celestial	Bhagavad Gita / Edwin Arnold	general-classics	global
The Dhammapada	Anonymous	general-classics	global
The Ramayana	Valmiki	general-classics	global
The Republic	Plato	philosophy-classics	global
Symposium	Plato	philosophy-classics	global
Apology	Plato	philosophy-classics	global
Nicomachean Ethics	Aristotle	philosophy-classics	global
Politics	Aristotle	philosophy-classics	global
Poetics	Aristotle	philosophy-classics	global
The Enchiridion	Epictetus	philosophy-classics	global
Discourses	Epictetus	philosophy-classics	global
Moral Letters to Lucilius	Seneca	philosophy-classics	global
The Consolation of Philosophy	Boethius	philosophy-classics	global
Essays	Michel de Montaigne	philosophy-classics	global
Pensées	Blaise Pascal	philosophy-classics	global
Essays	Francis Bacon	philosophy-classics	global
Leviathan	Thomas Hobbes	philosophy-classics	global
Second Treatise of Government	John Locke	philosophy-classics	global
On Liberty	John Stuart Mill	philosophy-classics	global
Utilitarianism	John Stuart Mill	philosophy-classics	global
The Subjection of Women	John Stuart Mill	philosophy-classics	global
The Social Contract	Jean-Jacques Rousseau	philosophy-classics	global
Democracy in America	Alexis de Tocqueville	philosophy-classics	global
The Federalist Papers	Alexander Hamilton, James Madison, John Jay	politics-classics	global
Common Sense	Thomas Paine	politics-classics	global
Rights of Man	Thomas Paine	politics-classics	global
The Communist Manifesto	Karl Marx and Friedrich Engels	politics-classics	global
Capital, Volume I	Karl Marx	economics-classics	global
Beyond Good and Evil	Friedrich Nietzsche	philosophy-classics	global
On the Genealogy of Morals	Friedrich Nietzsche	philosophy-classics	global
Thus Spoke Zarathustra	Friedrich Nietzsche	philosophy-classics	global
Discourse on Method	René Descartes	philosophy-classics	global
Meditations on First Philosophy	René Descartes	philosophy-classics	global
On the Origin of Species	Charles Darwin	science-classics	global
The Descent of Man	Charles Darwin	science-classics	global
The Voyage of the Beagle	Charles Darwin	science-classics	global
Walden	Henry David Thoreau	general-classics	global
Civil Disobedience	Henry David Thoreau	politics-classics	global
Self-Reliance	Ralph Waldo Emerson	general-classics	global
The Autobiography of Benjamin Franklin	Benjamin Franklin	general-classics	global
Up from Slavery	Booker T. Washington	general-classics	global
Incidents in the Life of a Slave Girl	Harriet Jacobs	general-classics	global
Twelve Years a Slave	Solomon Northup	general-classics	global
Personal Memoirs of U. S. Grant	Ulysses S. Grant	history-classics	global
The Interpretation of Dreams	Sigmund Freud	psychology-classics	global
The Varieties of Religious Experience	William James	philosophy-classics	global
The Theory of Moral Sentiments	Adam Smith	economics-classics	global
Principles of Political Economy and Taxation	David Ricardo	economics-classics	global
An Essay on the Principle of Population	Thomas Malthus	economics-classics	global
The Theory of the Leisure Class	Thorstein Veblen	economics-classics	global
Mutual Aid	Peter Kropotkin	politics-classics	global
The Conquest of Bread	Peter Kropotkin	politics-classics	global
The History of the Decline and Fall of the Roman Empire	Edward Gibbon	history-classics	global
The Histories	Herodotus	history-classics	global
History of the Peloponnesian War	Thucydides	history-classics	global
Parallel Lives	Plutarch	history-classics	global
On the Incarnation	Athanasius	christian-classics	global
The Mortification of Sin	John Owen	christian-classics	global
Communion with God	John Owen	christian-classics	global
The Glory of Christ	John Owen	christian-classics	global
The Bruised Reed	Richard Sibbes	christian-classics	global
The Rare Jewel of Christian Contentment	Jeremiah Burroughs	christian-classics	global
Precious Remedies Against Satan's Devices	Thomas Brooks	christian-classics	global
The Doctrine of Repentance	Thomas Watson	christian-classics	global
A Body of Divinity	Thomas Watson	christian-classics	global
Keeping the Heart	John Flavel	christian-classics	global
The Mystery of Providence	John Flavel	christian-classics	global
The Christian in Complete Armour	William Gurnall	christian-classics	global
Religious Affections	Jonathan Edwards	christian-classics	global
The Life of God in the Soul of Man	Henry Scougal	christian-classics	global
A Serious Call to a Devout and Holy Life	William Law	christian-classics	global
All of Grace	Charles H. Spurgeon	christian-classics	global
Lectures to My Students	Charles H. Spurgeon	christian-classics	global
The Soul Winner	Charles H. Spurgeon	christian-classics	global
Morning and Evening	Charles H. Spurgeon	christian-classics	global
Holiness	J. C. Ryle	christian-classics	global
Practical Religion	J. C. Ryle	christian-classics	global
Thoughts for Young Men	J. C. Ryle	christian-classics	global
Abide in Christ	Andrew Murray	christian-classics	global
With Christ in the School of Prayer	Andrew Murray	christian-classics	global
Absolute Surrender	Andrew Murray	christian-classics	global
Waiting on God	Andrew Murray	christian-classics	global
The True Vine	Andrew Murray	christian-classics	global
The Everlasting Man	G. K. Chesterton	christian-classics	global
Christianity and Liberalism	J. Gresham Machen	christian-classics	global
The Plan of Salvation	B. B. Warfield	christian-classics	global
On Christian Doctrine	Augustine	christian-classics	global
Enchiridion on Faith, Hope and Love	Augustine	christian-classics	global
Against Heresies	Irenaeus	christian-classics	global
Ecclesiastical History	Eusebius	christian-classics	global
Life of Antony	Athanasius	christian-classics	global
On the Priesthood	John Chrysostom	christian-classics	global
The Apostolic Fathers	Various	christian-classics	global
The Didache	Anonymous	christian-classics	global
The Letters of Ignatius	Ignatius of Antioch	christian-classics	global
The Epistle of Polycarp	Polycarp	christian-classics	global
Proslogion	Anselm	christian-classics	global
On Loving God	Bernard of Clairvaux	christian-classics	global
Introduction to the Devout Life	Francis de Sales	christian-classics	global
The Interior Castle	Teresa of Ávila	christian-classics	global
The Way of Perfection	Teresa of Ávila	christian-classics	global
Dark Night of the Soul	John of the Cross	christian-classics	global
The Ascent of Mount Carmel	John of the Cross	christian-classics	global
The Spiritual Exercises	Ignatius of Loyola	christian-classics	global
Theologia Germanica	Anonymous	christian-classics	global
The Bondage of the Will	Martin Luther	christian-classics	global
The Freedom of a Christian	Martin Luther	christian-classics	global
Commentary on Galatians	Martin Luther	christian-classics	global
The Death of Death in the Death of Christ	John Owen	christian-classics	global
Indwelling Sin in Believers	John Owen	christian-classics	global
The Fountain of Life	John Flavel	christian-classics	global
Gospel Worship	Jeremiah Burroughs	christian-classics	global
Heaven on Earth	Thomas Brooks	christian-classics	global
The Godly Man's Picture	Thomas Watson	christian-classics	global
The Christian's Great Interest	William Guthrie	christian-classics	global
Human Nature in Its Fourfold State	Thomas Boston	christian-classics	global
The Crook in the Lot	Thomas Boston	christian-classics	global
The Reformed Pastor	Richard Baxter	christian-classics	global
A Call to the Unconverted	Richard Baxter	christian-classics	global
A Method for Prayer	Matthew Henry	christian-classics	global
The Rise and Progress of Religion in the Soul	Philip Doddridge	christian-classics	global
The Freedom of the Will	Jonathan Edwards	christian-classics	global
History of the Work of Redemption	Jonathan Edwards	christian-classics	global
Charity and Its Fruits	Jonathan Edwards	christian-classics	global
Letters of Samuel Rutherford	Samuel Rutherford	christian-classics	global
Cardiphonia	John Newton	christian-classics	global
The Journal of John Wesley	John Wesley	christian-classics	global
A Plain Account of Christian Perfection	John Wesley	christian-classics	global
Faith's Checkbook	Charles H. Spurgeon	christian-classics	global
The Treasury of David	Charles H. Spurgeon	christian-classics	global
Old Paths	J. C. Ryle	christian-classics	global
Expository Thoughts on Matthew	J. C. Ryle	christian-classics	global
Expository Thoughts on Mark	J. C. Ryle	christian-classics	global
Expository Thoughts on Luke	J. C. Ryle	christian-classics	global
Expository Thoughts on John	J. C. Ryle	christian-classics	global
The Spirit of Christ	Andrew Murray	christian-classics	global
Holy in Christ	Andrew Murray	christian-classics	global
Working for God	Andrew Murray	christian-classics	global
The School of Obedience	Andrew Murray	christian-classics	global
The Two Covenants	Andrew Murray	christian-classics	global
Power Through Prayer	E. M. Bounds	christian-classics	global
The Necessity of Prayer	E. M. Bounds	christian-classics	global
How to Pray	R. A. Torrey	christian-classics	global
What the Bible Teaches	R. A. Torrey	christian-classics	global
The Baptism with the Holy Spirit	R. A. Torrey	christian-classics	global
Difficulties in the Bible	R. A. Torrey	christian-classics	global
Heaven: Where It Is, Its Inhabitants, and How to Get There	D. L. Moody	christian-classics	global
Pleasure and Profit in Bible Study	D. L. Moody	christian-classics	global
Narrative of the Lord's Dealings with George Müller	George Müller	christian-classics	global
What Is Faith?	J. Gresham Machen	christian-classics	global
The Origin of Paul's Religion	J. Gresham Machen	christian-classics	global
The Virgin Birth of Christ	J. Gresham Machen	christian-classics	global
Counterfeit Miracles	B. B. Warfield	christian-classics	global
The Lord of Glory	B. B. Warfield	christian-classics	global
Lectures on Calvinism	Abraham Kuyper	christian-classics	global
Systematic Theology	Charles Hodge	christian-classics	global
Outlines of Theology	A. A. Hodge	christian-classics	global
Dogmatic Theology	W. G. T. Shedd	christian-classics	global
The Christian View of God and the World	James Orr	christian-classics	global
A Practical View of Christianity	William Wilberforce	christian-classics	global
Unspoken Sermons	George MacDonald	christian-classics	global
The Hope of the Gospel	George MacDonald	christian-classics	global
Heretics	G. K. Chesterton	christian-classics	global
St. Francis of Assisi	G. K. Chesterton	christian-classics	global
The Sovereignty of God	A. W. Pink	christian-classics	regional-de
The Seven Sayings of the Saviour on the Cross	A. W. Pink	christian-classics	regional-de
Gleanings in Genesis	A. W. Pink	christian-classics	regional-de
The Attributes of God	A. W. Pink	christian-classics	regional-de
An Enquiry into the Obligations of Christians to Use Means for the Conversion of the Heathens	William Carey	missions-classics	global
Missionary Travels and Researches in South Africa	David Livingstone	missions-classics	global
Autobiography of John G. Paton	John G. Paton	missions-classics	global
Missionary Methods: St. Paul's or Ours?	Roland Allen	missions-classics	global
The Spontaneous Expansion of the Church	Roland Allen	missions-classics	global
Arabia: The Cradle of Islam	Samuel Zwemer	missions-classics	global
The Glory of the Cross	Samuel Zwemer	missions-classics	global
The Evangelization of the World in This Generation	John R. Mott	missions-classics	global
Missionary Principles and Practice	Robert E. Speer	missions-classics	global
The Chocolate Soldier	C. T. Studd	missions-classics	global
Parables of the Cross	Lilias Trotter	missions-classics	global
Parables of the Christ-Life	Lilias Trotter	missions-classics	global
The Life of William Carey, Shoemaker and Missionary	George Smith	missions-classics	global
The Key to the Missionary Problem	Andrew Murray	missions-classics	global
Lotus Buds	Amy Carmichael	missions-classics	global
Walker of Tinnevelly	Amy Carmichael	missions-classics	global
1984	George Orwell	general-classics	regional-de
Animal Farm	George Orwell	general-classics	regional-de
The Metamorphosis	Franz Kafka	general-classics	translation-review
The Trial	Franz Kafka	general-classics	translation-review
The Magic Mountain	Thomas Mann	general-classics	translation-review
Brave New World	Aldous Huxley	general-classics	protected
The Stranger	Albert Camus	general-classics	protected
Siddhartha	Hermann Hesse	general-classics	protected
The Sun Also Rises	Ernest Hemingway	general-classics	protected
Of Mice and Men	John Steinbeck	general-classics	protected
The Lord of the Rings	J. R. R. Tolkien	general-classics	protected
The Catcher in the Rye	J. D. Salinger	general-classics	protected
Fahrenheit 451	Ray Bradbury	general-classics	protected
Lord of the Flies	William Golding	general-classics	protected
To Kill a Mockingbird	Harper Lee	general-classics	protected
Winnie-the-Pooh	A. A. Milne	general-classics	protected-until-2027-de
Mere Christianity	C. S. Lewis	christian-classics	protected
The Screwtape Letters	C. S. Lewis	christian-classics	protected
The Chronicles of Narnia	C. S. Lewis	christian-classics	protected
The Pursuit of God	A. W. Tozer	christian-classics	protected
My Utmost for His Highest	Oswald Chambers	christian-classics	rights-review
